{"Timestamp":4090.892287,"Documents":1,"Frames":1,"JSEventListeners":779,"Nodes":1922,"LayoutCount":2776,"RecalcStyleCount":2801,"LayoutDuration":0.73887,"RecalcStyleDuration":0.358824,"ScriptDuration":0.788613,"TaskDuration":9.751336,"JSHeapUsedSize":16336356,"JSHeapTotalSize":18165760,"CustomTotalAnalysisTime":56554.325000000186}