{"Timestamp":28072.670554,"Documents":1,"Frames":1,"JSEventListeners":756,"Nodes":1757,"LayoutCount":11781,"RecalcStyleCount":11807,"LayoutDuration":1.611538,"RecalcStyleDuration":1.528645,"ScriptDuration":1.096399,"TaskDuration":28.897935,"JSHeapUsedSize":28484772,"JSHeapTotalSize":31318016,"CustomTotalAnalysisTime":232316.4149999991,"CustomWasmMemUsage":2271150080}