{"Timestamp":28695.109113,"Documents":1,"Frames":1,"JSEventListeners":779,"Nodes":1922,"LayoutCount":2632,"RecalcStyleCount":2658,"LayoutDuration":0.708638,"RecalcStyleDuration":0.335424,"ScriptDuration":0.721902,"TaskDuration":8.533971,"JSHeapUsedSize":16338436,"JSHeapTotalSize":18427904,"CustomTotalAnalysisTime":54051.759999997914,"CustomWasmMemUsage":798097408}