{"Timestamp":28585.204202,"Documents":1,"Frames":1,"JSEventListeners":776,"Nodes":1832,"LayoutCount":3306,"RecalcStyleCount":3331,"LayoutDuration":0.808004,"RecalcStyleDuration":0.381666,"ScriptDuration":0.771985,"TaskDuration":9.215534,"JSHeapUsedSize":16021632,"JSHeapTotalSize":21311488,"CustomTotalAnalysisTime":57214.439999997616,"CustomWasmMemUsage":798097408}