{"Timestamp":9876.320156,"Documents":1,"Frames":1,"JSEventListeners":760,"Nodes":1765,"LayoutCount":17058,"RecalcStyleCount":17082,"LayoutDuration":2.131269,"RecalcStyleDuration":2.277626,"ScriptDuration":1.10028,"TaskDuration":33.014513,"JSHeapUsedSize":24917212,"JSHeapTotalSize":32526336,"CustomTotalAnalysisTime":284741.4399999995}