{"Timestamp":10582.312365,"Documents":1,"Frames":1,"JSEventListeners":781,"Nodes":1982,"LayoutCount":3671,"RecalcStyleCount":3696,"LayoutDuration":0.914114,"RecalcStyleDuration":0.493023,"ScriptDuration":0.835475,"TaskDuration":11.173694,"JSHeapUsedSize":16405148,"JSHeapTotalSize":21835776,"CustomTotalAnalysisTime":63282.24499999918}