{"Timestamp":28639.947414,"Documents":1,"Frames":1,"JSEventListeners":779,"Nodes":1922,"LayoutCount":2627,"RecalcStyleCount":2652,"LayoutDuration":0.766759,"RecalcStyleDuration":0.354497,"ScriptDuration":0.759155,"TaskDuration":8.831381,"JSHeapUsedSize":16473968,"JSHeapTotalSize":18427904,"CustomTotalAnalysisTime":53619.06500000134,"CustomWasmMemUsage":798097408}