{"Timestamp":3457.334677,"Documents":1,"Frames":1,"JSEventListeners":756,"Nodes":1757,"LayoutCount":11130,"RecalcStyleCount":11155,"LayoutDuration":1.511318,"RecalcStyleDuration":1.450332,"ScriptDuration":1.17766,"TaskDuration":26.940053,"JSHeapUsedSize":29063412,"JSHeapTotalSize":34988032,"CustomTotalAnalysisTime":222467.68999999994}