{"Timestamp":28296.54996,"Documents":1,"Frames":1,"JSEventListeners":756,"Nodes":1757,"LayoutCount":11098,"RecalcStyleCount":11123,"LayoutDuration":1.510919,"RecalcStyleDuration":1.405949,"ScriptDuration":1.130339,"TaskDuration":26.353166,"JSHeapUsedSize":28492412,"JSHeapTotalSize":33415168,"CustomTotalAnalysisTime":222615.63500000164,"CustomWasmMemUsage":2271150080}