{"Timestamp":4033.24616,"Documents":1,"Frames":1,"JSEventListeners":781,"Nodes":1982,"LayoutCount":2713,"RecalcStyleCount":2741,"LayoutDuration":0.74101,"RecalcStyleDuration":0.345927,"ScriptDuration":0.810031,"TaskDuration":9.227865,"JSHeapUsedSize":16665060,"JSHeapTotalSize":18427904,"CustomTotalAnalysisTime":56022.19000000041}