{"Timestamp":3976.102447,"Documents":1,"Frames":1,"JSEventListeners":779,"Nodes":1922,"LayoutCount":2810,"RecalcStyleCount":2836,"LayoutDuration":0.760958,"RecalcStyleDuration":0.359788,"ScriptDuration":0.815769,"TaskDuration":9.348122,"JSHeapUsedSize":16433456,"JSHeapTotalSize":18427904,"CustomTotalAnalysisTime":57170.23499999987}