{"Timestamp":10165.712234,"Documents":1,"Frames":1,"JSEventListeners":760,"Nodes":1765,"LayoutCount":17267,"RecalcStyleCount":17291,"LayoutDuration":2.21849,"RecalcStyleDuration":2.335694,"ScriptDuration":1.091911,"TaskDuration":34.733409,"JSHeapUsedSize":23904184,"JSHeapTotalSize":32788480,"CustomTotalAnalysisTime":288156.74500000104}