{"Timestamp":10456.120828,"Documents":1,"Frames":1,"JSEventListeners":768,"Nodes":1772,"LayoutCount":17335,"RecalcStyleCount":17360,"LayoutDuration":2.155745,"RecalcStyleDuration":2.367342,"ScriptDuration":1.046668,"TaskDuration":35.363028,"JSHeapUsedSize":24410560,"JSHeapTotalSize":36196352,"CustomTotalAnalysisTime":289206.3049999997}