{"Timestamp":10645.146084,"Documents":1,"Frames":1,"JSEventListeners":779,"Nodes":1922,"LayoutCount":3571,"RecalcStyleCount":3597,"LayoutDuration":0.91361,"RecalcStyleDuration":0.476536,"ScriptDuration":0.814434,"TaskDuration":11.338895,"JSHeapUsedSize":16437864,"JSHeapTotalSize":21835776,"CustomTotalAnalysisTime":61650.94000000134}