{"Timestamp":28526.851146,"Documents":1,"Frames":1,"JSEventListeners":756,"Nodes":1757,"LayoutCount":11654,"RecalcStyleCount":11680,"LayoutDuration":1.588721,"RecalcStyleDuration":1.573658,"ScriptDuration":1.16952,"TaskDuration":27.144737,"JSHeapUsedSize":29005940,"JSHeapTotalSize":34463744,"CustomTotalAnalysisTime":229129.41000000015,"CustomWasmMemUsage":2271150080}