{"Timestamp":3917.844645,"Documents":1,"Frames":1,"JSEventListeners":756,"Nodes":1758,"LayoutCount":11366,"RecalcStyleCount":11394,"LayoutDuration":1.595531,"RecalcStyleDuration":1.50279,"ScriptDuration":1.200949,"TaskDuration":27.379146,"JSHeapUsedSize":28704392,"JSHeapTotalSize":35250176,"CustomTotalAnalysisTime":229317.20999999996}