{"Timestamp":3687.236908,"Documents":1,"Frames":1,"JSEventListeners":756,"Nodes":1757,"LayoutCount":11338,"RecalcStyleCount":11363,"LayoutDuration":1.572984,"RecalcStyleDuration":1.493447,"ScriptDuration":1.163143,"TaskDuration":27.089174,"JSHeapUsedSize":28590704,"JSHeapTotalSize":31580160,"CustomTotalAnalysisTime":228682.375}