{"Timestamp":27689.010087,"Documents":1,"Frames":1,"JSEventListeners":771,"Nodes":1959,"LayoutCount":7353,"RecalcStyleCount":7379,"LayoutDuration":1.099902,"RecalcStyleDuration":0.848524,"ScriptDuration":0.99298,"TaskDuration":25.688009,"JSHeapUsedSize":24778528,"JSHeapTotalSize":26832896,"CustomTotalAnalysisTime":150580.5300000012,"CustomWasmMemUsage":2078146560}