{"Timestamp":27839.122945,"Documents":1,"Frames":1,"JSEventListeners":769,"Nodes":1950,"LayoutCount":7275,"RecalcStyleCount":7300,"LayoutDuration":1.088751,"RecalcStyleDuration":0.832634,"ScriptDuration":1.059716,"TaskDuration":25.236924,"JSHeapUsedSize":22644492,"JSHeapTotalSize":30011392,"CustomTotalAnalysisTime":148974.6349999979,"CustomWasmMemUsage":2078146560}