{"Timestamp":9246.15196,"Documents":1,"Frames":1,"JSEventListeners":784,"Nodes":1965,"LayoutCount":11970,"RecalcStyleCount":11995,"LayoutDuration":1.584764,"RecalcStyleDuration":1.366312,"ScriptDuration":0.991074,"TaskDuration":33.917509,"JSHeapUsedSize":21665652,"JSHeapTotalSize":25239552,"CustomTotalAnalysisTime":199791.84500000067}