{"Timestamp":3076.522004,"Documents":1,"Frames":1,"JSEventListeners":768,"Nodes":1950,"LayoutCount":7668,"RecalcStyleCount":7694,"LayoutDuration":1.138468,"RecalcStyleDuration":0.891624,"ScriptDuration":1.058187,"TaskDuration":25.118047,"JSHeapUsedSize":25359444,"JSHeapTotalSize":26980352,"CustomTotalAnalysisTime":157718.61500000022}