{"Timestamp":27537.274755,"Documents":1,"Frames":1,"JSEventListeners":771,"Nodes":1959,"LayoutCount":8622,"RecalcStyleCount":8647,"LayoutDuration":1.517199,"RecalcStyleDuration":1.237751,"ScriptDuration":1.181584,"TaskDuration":30.907808,"JSHeapUsedSize":24458916,"JSHeapTotalSize":25923584,"CustomTotalAnalysisTime":171898.3200000003,"CustomWasmMemUsage":2078146560}