{"Timestamp":9590.385177,"Documents":1,"Frames":1,"JSEventListeners":788,"Nodes":1965,"LayoutCount":10564,"RecalcStyleCount":10589,"LayoutDuration":1.552282,"RecalcStyleDuration":1.2535,"ScriptDuration":0.981587,"TaskDuration":31.104067,"JSHeapUsedSize":20903340,"JSHeapTotalSize":29696000,"CustomTotalAnalysisTime":176386.51999999955}