{"Timestamp":2917.624119,"Documents":1,"Frames":1,"JSEventListeners":768,"Nodes":1950,"LayoutCount":7799,"RecalcStyleCount":7825,"LayoutDuration":1.142448,"RecalcStyleDuration":0.874757,"ScriptDuration":1.076879,"TaskDuration":26.179529,"JSHeapUsedSize":22688228,"JSHeapTotalSize":24604672,"CustomTotalAnalysisTime":157940.56000000006}