{"Timestamp":3233.658713,"Documents":1,"Frames":1,"JSEventListeners":771,"Nodes":1959,"LayoutCount":7562,"RecalcStyleCount":7588,"LayoutDuration":1.114918,"RecalcStyleDuration":0.870988,"ScriptDuration":0.988837,"TaskDuration":25.609786,"JSHeapUsedSize":23036684,"JSHeapTotalSize":24719360,"CustomTotalAnalysisTime":155853.50500000035}