{"Timestamp":9412.779189,"Documents":1,"Frames":1,"JSEventListeners":768,"Nodes":1958,"LayoutCount":9907,"RecalcStyleCount":9933,"LayoutDuration":1.423722,"RecalcStyleDuration":1.1732,"ScriptDuration":1.026364,"TaskDuration":29.687013,"JSHeapUsedSize":21311156,"JSHeapTotalSize":26025984,"CustomTotalAnalysisTime":165469.13000000082}