{"Timestamp":9045.155469,"Documents":1,"Frames":1,"JSEventListeners":780,"Nodes":1932,"LayoutCount":1199,"RecalcStyleCount":1224,"LayoutDuration":0.63654,"RecalcStyleDuration":0.193858,"ScriptDuration":0.673485,"TaskDuration":2.65591,"JSHeapUsedSize":13233948,"JSHeapTotalSize":16527360,"CustomTotalAnalysisTime":19905.955000000075}