{"Timestamp":27364.231469,"Documents":1,"Frames":1,"JSEventListeners":755,"Nodes":1767,"LayoutCount":934,"RecalcStyleCount":959,"LayoutDuration":0.607968,"RecalcStyleDuration":0.160384,"ScriptDuration":0.663064,"TaskDuration":2.417643,"JSHeapUsedSize":15260848,"JSHeapTotalSize":30945280,"CustomTotalAnalysisTime":17980.11499999836,"CustomWasmMemUsage":235798528}