{"Timestamp":27326.541496,"Documents":1,"Frames":1,"JSEventListeners":755,"Nodes":1767,"LayoutCount":915,"RecalcStyleCount":941,"LayoutDuration":0.575577,"RecalcStyleDuration":0.161894,"ScriptDuration":0.627928,"TaskDuration":2.305684,"JSHeapUsedSize":15332696,"JSHeapTotalSize":30945280,"CustomTotalAnalysisTime":17295.949999999255,"CustomWasmMemUsage":235798528}