{"Timestamp":9002.881866,"Documents":1,"Frames":1,"JSEventListeners":775,"Nodes":1782,"LayoutCount":1132,"RecalcStyleCount":1157,"LayoutDuration":0.61489,"RecalcStyleDuration":0.180817,"ScriptDuration":0.672074,"TaskDuration":2.534927,"JSHeapUsedSize":12976856,"JSHeapTotalSize":16527360,"CustomTotalAnalysisTime":18768.61999999918}