{"Timestamp":27345.161569,"Documents":1,"Frames":1,"JSEventListeners":755,"Nodes":1767,"LayoutCount":921,"RecalcStyleCount":947,"LayoutDuration":0.506023,"RecalcStyleDuration":0.172411,"ScriptDuration":0.644762,"TaskDuration":2.200708,"JSHeapUsedSize":15250448,"JSHeapTotalSize":31731712,"CustomTotalAnalysisTime":17501.105000000447,"CustomWasmMemUsage":235798528}