{"Timestamp":2740.553715,"Documents":1,"Frames":1,"JSEventListeners":755,"Nodes":1767,"LayoutCount":970,"RecalcStyleCount":996,"LayoutDuration":0.600133,"RecalcStyleDuration":0.189429,"ScriptDuration":0.642808,"TaskDuration":2.207095,"JSHeapUsedSize":15253520,"JSHeapTotalSize":30683136,"CustomTotalAnalysisTime":18317.39500000002}