{"Timestamp":9024.129916,"Documents":1,"Frames":1,"JSEventListeners":775,"Nodes":1782,"LayoutCount":1212,"RecalcStyleCount":1236,"LayoutDuration":0.668533,"RecalcStyleDuration":0.194389,"ScriptDuration":0.644471,"TaskDuration":2.680112,"JSHeapUsedSize":13090776,"JSHeapTotalSize":16527360,"CustomTotalAnalysisTime":20133.710000000894}