{"Timestamp":2758.516338,"Documents":1,"Frames":1,"JSEventListeners":774,"Nodes":1783,"LayoutCount":884,"RecalcStyleCount":910,"LayoutDuration":0.551469,"RecalcStyleDuration":0.152657,"ScriptDuration":0.680816,"TaskDuration":2.149366,"JSHeapUsedSize":14553972,"JSHeapTotalSize":18886656,"CustomTotalAnalysisTime":16865.159999999683}