{"Timestamp":2721.17625,"Documents":1,"Frames":1,"JSEventListeners":774,"Nodes":1783,"LayoutCount":890,"RecalcStyleCount":916,"LayoutDuration":0.555074,"RecalcStyleDuration":0.156965,"ScriptDuration":0.647654,"TaskDuration":2.389524,"JSHeapUsedSize":15110856,"JSHeapTotalSize":19148800,"CustomTotalAnalysisTime":17008.314999999944}