{"Timestamp":8974.421946,"Documents":1,"Frames":1,"JSEventListeners":778,"Nodes":1969,"LayoutCount":416,"RecalcStyleCount":442,"LayoutDuration":0.581314,"RecalcStyleDuration":0.11167,"ScriptDuration":0.605872,"TaskDuration":1.993601,"JSHeapUsedSize":19688084,"JSHeapTotalSize":29921280,"CustomTotalAnalysisTime":7566.890000000596}