{"Timestamp":1892.611636,"Documents":1,"Frames":1,"JSEventListeners":778,"Nodes":1968,"LayoutCount":360,"RecalcStyleCount":386,"LayoutDuration":0.575623,"RecalcStyleDuration":0.102747,"ScriptDuration":0.628204,"TaskDuration":1.707903,"JSHeapUsedSize":18849880,"JSHeapTotalSize":28700672,"CustomTotalAnalysisTime":7036.2949999999255}