{"Timestamp":8965.779735,"Documents":1,"Frames":1,"JSEventListeners":778,"Nodes":1943,"LayoutCount":407,"RecalcStyleCount":433,"LayoutDuration":0.717197,"RecalcStyleDuration":0.111329,"ScriptDuration":0.606983,"TaskDuration":2.009402,"JSHeapUsedSize":18461520,"JSHeapTotalSize":28962816,"CustomTotalAnalysisTime":7488.720000000671}