{"Timestamp":26479.086623,"Documents":1,"Frames":1,"JSEventListeners":778,"Nodes":1943,"LayoutCount":359,"RecalcStyleCount":386,"LayoutDuration":0.549473,"RecalcStyleDuration":0.116779,"ScriptDuration":0.582239,"TaskDuration":1.628712,"JSHeapUsedSize":18491408,"JSHeapTotalSize":29224960,"CustomTotalAnalysisTime":6887.679999999702,"CustomWasmMemUsage":155516928}