{"Timestamp":8982.987675,"Documents":1,"Frames":1,"JSEventListeners":778,"Nodes":1965,"LayoutCount":409,"RecalcStyleCount":434,"LayoutDuration":0.589925,"RecalcStyleDuration":0.115395,"ScriptDuration":0.584736,"TaskDuration":1.773045,"JSHeapUsedSize":18937052,"JSHeapTotalSize":28962816,"CustomTotalAnalysisTime":7485.254999998957}