{"Timestamp":26471.126089,"Documents":1,"Frames":1,"JSEventListeners":778,"Nodes":1968,"LayoutCount":361,"RecalcStyleCount":386,"LayoutDuration":0.714955,"RecalcStyleDuration":0.12846,"ScriptDuration":0.54899,"TaskDuration":1.821548,"JSHeapUsedSize":18935452,"JSHeapTotalSize":28962816,"CustomTotalAnalysisTime":6923.085000000894,"CustomWasmMemUsage":155516928}