{"Timestamp":26487.376169,"Documents":1,"Frames":1,"JSEventListeners":778,"Nodes":1969,"LayoutCount":376,"RecalcStyleCount":401,"LayoutDuration":0.59767,"RecalcStyleDuration":0.125116,"ScriptDuration":0.585104,"TaskDuration":1.799741,"JSHeapUsedSize":19578972,"JSHeapTotalSize":29921280,"CustomTotalAnalysisTime":7200.714999999851,"CustomWasmMemUsage":155516928}