{"Timestamp":1876.568534,"Documents":1,"Frames":1,"JSEventListeners":773,"Nodes":1815,"LayoutCount":354,"RecalcStyleCount":380,"LayoutDuration":0.54044,"RecalcStyleDuration":0.119202,"ScriptDuration":0.531839,"TaskDuration":1.540768,"JSHeapUsedSize":18326048,"JSHeapTotalSize":28962816,"CustomTotalAnalysisTime":6676.354999999981}