{"Timestamp":26769.326982,"Documents":1,"Frames":1,"JSEventListeners":769,"Nodes":2004,"LayoutCount":13253,"RecalcStyleCount":13278,"LayoutDuration":1.83426,"RecalcStyleDuration":1.792934,"ScriptDuration":1.354636,"TaskDuration":19.67522,"JSHeapUsedSize":37292996,"JSHeapTotalSize":49033216,"CustomTotalAnalysisTime":280591.2950000018,"CustomWasmMemUsage":1552744448}