{"Timestamp":2431.973748,"Documents":1,"Frames":1,"JSEventListeners":770,"Nodes":2004,"LayoutCount":16101,"RecalcStyleCount":16127,"LayoutDuration":1.876942,"RecalcStyleDuration":1.831294,"ScriptDuration":1.304317,"TaskDuration":20.091391,"JSHeapUsedSize":41784116,"JSHeapTotalSize":56209408,"CustomTotalAnalysisTime":276163.0750000002}