{"Timestamp":27308.17787,"Documents":1,"Frames":1,"JSEventListeners":770,"Nodes":2004,"LayoutCount":12748,"RecalcStyleCount":12774,"LayoutDuration":1.701496,"RecalcStyleDuration":1.6502,"ScriptDuration":1.395814,"TaskDuration":18.480743,"JSHeapUsedSize":37855192,"JSHeapTotalSize":40161280,"CustomTotalAnalysisTime":269305.7049999982,"CustomWasmMemUsage":1552744448}