{"Timestamp":27037.527789,"Documents":1,"Frames":1,"JSEventListeners":769,"Nodes":2004,"LayoutCount":12737,"RecalcStyleCount":12762,"LayoutDuration":1.686652,"RecalcStyleDuration":1.640938,"ScriptDuration":1.351099,"TaskDuration":17.689595,"JSHeapUsedSize":34893448,"JSHeapTotalSize":46936064,"CustomTotalAnalysisTime":266898.55000000075,"CustomWasmMemUsage":1552744448}