{"Timestamp":2154.466697,"Documents":1,"Frames":1,"JSEventListeners":769,"Nodes":2004,"LayoutCount":12450,"RecalcStyleCount":12475,"LayoutDuration":1.64247,"RecalcStyleDuration":1.572708,"ScriptDuration":1.315808,"TaskDuration":17.926876,"JSHeapUsedSize":34372576,"JSHeapTotalSize":41693184,"CustomTotalAnalysisTime":260568.5950000002}