{"Timestamp":2703.116839,"Documents":1,"Frames":1,"JSEventListeners":770,"Nodes":2004,"LayoutCount":12793,"RecalcStyleCount":12820,"LayoutDuration":1.610457,"RecalcStyleDuration":1.648559,"ScriptDuration":1.246794,"TaskDuration":18.653819,"JSHeapUsedSize":37350320,"JSHeapTotalSize":40423424,"CustomTotalAnalysisTime":269776.0449999999}